{"cameraMode":{"drawMode":0,"name":"Shaded","section":"Shading Mode"},"sceneLighting":true,"audioPlay":false,"sceneViewState":{"m_AlwaysRefresh":false,"showFog":true,"showSkybox":true,"showFlares":true,"showImageEffects":true,"showParticleSystems":true,"showVisualEffectGraphs":true,"m_FxEnabled":true},"in2DMode":false,"pivot":{"x":-0.03786204010248184,"y":4.715444564819336,"z":503.55609130859377},"rotation":{"x":0.00007197233207989484,"y":0.9988471865653992,"z":-0.047981519252061847,"w":0.0014982721768319607},"size":2.6160714626312258,"orthographic":false}