{"cameraMode":{"drawMode":0,"name":"Shaded","section":"Shading Mode"},"sceneLighting":true,"audioPlay":false,"sceneViewState":{"m_AlwaysRefresh":false,"showFog":true,"showSkybox":true,"showFlares":true,"showImageEffects":true,"showParticleSystems":true,"showVisualEffectGraphs":true,"m_FxEnabled":true},"in2DMode":false,"pivot":{"x":0.5455994606018066,"y":2.220776319503784,"z":471.61004638671877},"rotation":{"x":0.023036954924464227,"y":0.9175302386283875,"z":-0.053736839443445209,"w":0.3933447003364563},"size":1.9986658096313477,"orthographic":false}